repo_name,easy_file,hard_file
riga/law,law/contrib/lsf/workflow.py,law/contrib/arc/job.py
adrn/gala,gala/dynamics/actionangle/actionangle_o2gf.py,gala/dynamics/actionangle/actionangle_staeckel.py
mph-/lcapy,lcapy/grammar.py,lcapy/latex.py
mph-/lcapy,lcapy/parser.py,lcapy/latex.py
tony/libvcs,libvcs/shortcuts.py,libvcs/git.py
tony/libvcs,libvcs/__about__.py,libvcs/git.py
GPflow/GPflow,gpflow/experimental/check_shapes/parser.py,doc/sphinx/conf.py
GPflow/GPflow,gpflow/experimental/check_shapes/error_contexts.py,doc/sphinx/conf.py
GPflow/GPflow,gpflow/experimental/check_shapes/decorator.py,doc/sphinx/conf.py
GPflow/GPflow,gpflow/experimental/check_shapes/__init__.py,doc/sphinx/conf.py
PMEAL/OpenPNM,openpnm/network/_gabriel.py,openpnm/algorithms/_advection_diffusion.py
PMEAL/OpenPNM,openpnm/io/_xdmf.py,openpnm/core/_base.py
PMEAL/OpenPNM,openpnm/io/_vtk.py,openpnm/algorithms/_advection_diffusion.py
PMEAL/OpenPNM,openpnm/network/_delaunay_voronoi_dual.py,openpnm/core/_base.py
PMEAL/OpenPNM,openpnm/network/_bravais.py,openpnm/core/_base.py
PMEAL/OpenPNM,openpnm/network/_voronoi.py,openpnm/algorithms/_advection_diffusion.py
PMEAL/OpenPNM,openpnm/io/_hdf5.py,openpnm/algorithms/_advection_diffusion.py
PMEAL/OpenPNM,openpnm/network/_delaunay_voronoi_dual.py,openpnm/algorithms/_invasion_percolation.py
PMEAL/OpenPNM,openpnm/network/_bravais.py,openpnm/algorithms/_invasion_percolation.py
PMEAL/OpenPNM,openpnm/io/_vtk.py,openpnm/core/_base.py
PMEAL/OpenPNM,openpnm/network/_delaunay_voronoi_dual.py,openpnm/algorithms/_advection_diffusion.py
PMEAL/OpenPNM,openpnm/io/_xdmf.py,openpnm/algorithms/_advection_diffusion.py
PMEAL/OpenPNM,openpnm/network/_voronoi.py,openpnm/core/_base.py
PMEAL/OpenPNM,openpnm/network/_cubic_template.py,openpnm/core/_base.py
PMEAL/OpenPNM,openpnm/io/_hdf5.py,openpnm/algorithms/_invasion_percolation.py
PMEAL/OpenPNM,openpnm/network/_voronoi.py,openpnm/algorithms/_invasion_percolation.py
PMEAL/OpenPNM,openpnm/network/_gabriel.py,openpnm/algorithms/_invasion_percolation.py
PMEAL/OpenPNM,openpnm/io/_vtk.py,openpnm/algorithms/_invasion_percolation.py
PMEAL/OpenPNM,openpnm/io/_hdf5.py,openpnm/core/_base.py
PMEAL/OpenPNM,openpnm/io/_xdmf.py,openpnm/algorithms/_invasion_percolation.py
PMEAL/OpenPNM,openpnm/network/_cubic_template.py,openpnm/algorithms/_advection_diffusion.py
PMEAL/OpenPNM,openpnm/network/_delaunay.py,openpnm/algorithms/_advection_diffusion.py
PMEAL/OpenPNM,openpnm/network/_bravais.py,openpnm/algorithms/_advection_diffusion.py
PMEAL/OpenPNM,openpnm/network/_gabriel.py,openpnm/core/_base.py
PMEAL/OpenPNM,openpnm/network/_cubic_template.py,openpnm/algorithms/_invasion_percolation.py
PMEAL/OpenPNM,openpnm/network/_delaunay.py,openpnm/core/_base.py
PMEAL/OpenPNM,openpnm/network/_delaunay.py,openpnm/algorithms/_invasion_percolation.py
edgedb/edgedb,edb/edgeql/codegen.py,edb/schema/objtypes.py
edgedb/edgedb,edb/edgeql/qltypes.py,edb/edgeql/compiler/setgen.py
edgedb/edgedb,edb/edgeql/parser/grammar/ddl.py,edb/schema/pointers.py
edgedb/edgedb,edb/edgeql/codegen.py,edb/pgsql/compiler/relctx.py
edgedb/edgedb,edb/edgeql/qltypes.py,edb/schema/objtypes.py
edgedb/edgedb,edb/edgeql/parser/grammar/ddl.py,edb/pgsql/compiler/relctx.py
edgedb/edgedb,edb/edgeql/codegen.py,edb/edgeql/compiler/setgen.py
edgedb/edgedb,edb/edgeql/codegen.py,edb/edgeql/compiler/inference/cardinality.py
edgedb/edgedb,edb/edgeql/qltypes.py,edb/edgeql/compiler/inference/cardinality.py
edgedb/edgedb,edb/edgeql/codegen.py,edb/schema/pointers.py
edgedb/edgedb,edb/edgeql/qltypes.py,edb/schema/pointers.py
edgedb/edgedb,edb/edgeql/parser/grammar/ddl.py,edb/pgsql/compiler/relgen.py
edgedb/edgedb,edb/edgeql/parser/grammar/ddl.py,edb/edgeql/compiler/setgen.py
edgedb/edgedb,edb/edgeql/parser/grammar/ddl.py,edb/pgsql/delta.py
edgedb/edgedb,edb/edgeql/codegen.py,edb/pgsql/compiler/relgen.py
edgedb/edgedb,edb/edgeql/parser/grammar/ddl.py,edb/schema/objtypes.py
edgedb/edgedb,edb/edgeql/qltypes.py,edb/pgsql/delta.py
edgedb/edgedb,edb/edgeql/qltypes.py,edb/pgsql/compiler/relctx.py
edgedb/edgedb,edb/edgeql/codegen.py,edb/pgsql/delta.py
edgedb/edgedb,edb/edgeql/codegen.py,edb/ir/ast.py
edgedb/edgedb,edb/edgeql/qltypes.py,edb/pgsql/compiler/relgen.py
edgedb/edgedb,edb/edgeql/qltypes.py,edb/ir/ast.py
edgedb/edgedb,edb/edgeql/parser/grammar/ddl.py,edb/ir/ast.py
edgedb/edgedb,edb/edgeql/parser/grammar/ddl.py,edb/edgeql/compiler/inference/cardinality.py
nerdvegas/rez,src/rez/shells.py,src/rez/build_system.py
eoyilmaz/anima,anima/dcc/mayaEnv/toolbox.py,anima/rez_packages/redshift/3.0.67/package.py
eoyilmaz/anima,anima/dcc/mayaEnv/toolbox.py,anima/dcc/mayaEnv/publish.py
eoyilmaz/anima,anima/dcc/mayaEnv/toolbox.py,anima/dcc/mayaEnv/auxiliary.py
eoyilmaz/anima,anima/dcc/mayaEnv/toolbox.py,anima/dcc/mayaEnv/render.py
eoyilmaz/anima,anima/dcc/mayaEnv/toolbox.py,anima/dcc/mayaEnv/config/userSetup.py
lsst-ts/ts_wep,python/lsst/ts/wep/cwfs/DonutTemplateModel.py,python/lsst/ts/wep/task/EstimateZernikesBase.py
neishm/fstd2nc,fstd2nc/__init__.py,fstd2nc/mixins/vcoords.py
Neutree/COMTool,COMTool/plugins/gragh_widgets.py,COMTool/main2.py
Fizzadar/pyinfra,setup.py,pyinfra/api/facts.py
Kozea/WeasyPrint,weasyprint/__init__.py,weasyprint/draw.py
Kozea/WeasyPrint,weasyprint/formatting_structure/build.py,weasyprint/draw.py
alisaifee/limits,limits/aio/storage/memory.py,limits/aio/strategies.py
alisaifee/limits,limits/aio/storage/memcached.py,limits/aio/strategies.py
alisaifee/limits,limits/aio/storage/mongodb.py,limits/aio/strategies.py
alisaifee/limits,limits/aio/storage/base.py,limits/aio/strategies.py
alisaifee/limits,limits/aio/storage/redis.py,limits/aio/strategies.py
nextstrain/augur,augur/frequencies.py,augur/__init__.py
HERA-Team/hera_mc,hera_mc/cm_active.py,hera_mc/cm_sysutils.py
guardicore/monkey,monkey/monkey_island/cc/services/directory_file_storage_service.py,monkey/common/aws/aws_metadata.py
spesmilo/electrum,electrum/interface.py,electrum/lnwatcher.py
Aeolitus/Sephrasto,src/Sephrasto/Datenbank.py,src/Sephrasto/CharakterBeschreibungDetailsWrapper.py
Aeolitus/Sephrasto,src/Sephrasto/Datenbank.py,src/Sephrasto/Charakter.py
Aeolitus/Sephrasto,src/Sephrasto/DatenbankEditor.py,src/Sephrasto/Charakter.py
Aeolitus/Sephrasto,src/Sephrasto/DatenbankEditor.py,src/Sephrasto/PdfExporter.py
Aeolitus/Sephrasto,src/Sephrasto/Datenbank.py,src/Sephrasto/PdfExporter.py
Aeolitus/Sephrasto,src/Sephrasto/DatenbankEditor.py,src/Sephrasto/CharakterBeschreibungDetailsWrapper.py
jhpyle/docassemble,docassemble_demo/setup.py,docassemble_base/docassemble/base/util.py
jhpyle/docassemble,docassemble_webapp/docassemble/webapp/__init__.py,docassemble_base/docassemble/base/util.py
jhpyle/docassemble,docassemble_demo/docassemble/demo/__init__.py,docassemble_base/docassemble/base/util.py
jhpyle/docassemble,docassemble_base/docassemble/base/__init__.py,docassemble_base/docassemble/base/util.py
psathyrella/partis,python/scanplot.py,bin/read-gctree-output.py
corpnewt/CorpBot.py,Cogs/Debugging.py,Cogs/BotAdmin.py
mitmproxy/mitmproxy,mitmproxy/coretypes/multidict.py,mitmproxy/addons/save.py
spectralDNS/shenfun,shenfun/fourier/bases.py,shenfun/forms/arguments.py
spectralDNS/shenfun,shenfun/forms/inner.py,shenfun/forms/arguments.py
spectralDNS/shenfun,shenfun/chebyshevu/bases.py,shenfun/ultraspherical/matrices.py
spectralDNS/shenfun,shenfun/chebyshev/bases.py,shenfun/matrixbase.py
spectralDNS/shenfun,shenfun/laguerre/bases.py,shenfun/jacobi/matrices.py
spectralDNS/shenfun,shenfun/chebyshev/bases.py,shenfun/forms/arguments.py
spectralDNS/shenfun,shenfun/fourier/bases.py,shenfun/matrixbase.py
spectralDNS/shenfun,shenfun/chebyshev/bases.py,shenfun/chebyshev/matrices.py
spectralDNS/shenfun,shenfun/forms/inner.py,shenfun/chebyshev/matrices.py
spectralDNS/shenfun,shenfun/legendre/bases.py,shenfun/matrixbase.py
spectralDNS/shenfun,shenfun/hermite/bases.py,shenfun/jacobi/matrices.py
spectralDNS/shenfun,shenfun/forms/inner.py,shenfun/matrixbase.py
spectralDNS/shenfun,shenfun/fourier/bases.py,shenfun/chebyshev/matrices.py
spectralDNS/shenfun,shenfun/legendre/bases.py,shenfun/chebyshev/matrices.py
spectralDNS/shenfun,shenfun/legendre/bases.py,shenfun/forms/arguments.py
Parallel-in-Time/pySDC,pySDC/playgrounds/Adaptivity/controller_nonMPI_adaptive.py,pySDC/playgrounds/HotRod/error_estimator.py
Parallel-in-Time/pySDC,pySDC/playgrounds/Adaptivity/controller_nonMPI_adaptive.py,pySDC/playgrounds/HotRod/controller_nonMPI_resilient.py
paulbrodersen/netgraph,netgraph/_main.py,setup.py
paulbrodersen/netgraph,netgraph/_main.py,netgraph/__init__.py
jim-easterbrook/Photini,src/photini/pyqt.py,src/photini/uploader.py
jim-easterbrook/Photini,src/photini/photinimap.py,src/photini/flickr.py
nilouco/dpAutoRigSystem,dpAutoRigSystem/Modules/Library/dpControls.py,dpAutoRigSystem/Modules/Library/dpUtils.py
laughingman7743/PyAthena,pyathena/__init__.py,pyathena/sqlalchemy_athena.py
laughingman7743/PyAthena,pyathena/__init__.py,pyathena/model.py
laughingman7743/PyAthena,pyathena/__init__.py,pyathena/async_cursor.py
laughingman7743/PyAthena,pyathena/__init__.py,pyathena/result_set.py
laughingman7743/PyAthena,pyathena/__init__.py,pyathena/common.py
laughingman7743/PyAthena,pyathena/__init__.py,pyathena/connection.py
laughingman7743/PyAthena,pyathena/__init__.py,pyathena/formatter.py
OpenNumismat/open-numismat,OpenNumismat/EditCoinDialog/FormItems.py,OpenNumismat/Collection/Collection.py
OpenNumismat/open-numismat,OpenNumismat/MainWindow.py,OpenNumismat/Collection/Collection.py
platformio/platformio-core,platformio/package/manager/_registry.py,platformio/package/manager/_install.py
platformio/platformio-core,platformio/commands/lib/command.py,platformio/package/manager/base.py
platformio/platformio-core,platformio/commands/platform.py,platformio/builder/tools/piolib.py
platformio/platformio-core,platformio/telemetry.py,platformio/builder/main.py
platformio/platformio-core,platformio/commands/lib/command.py,platformio/package/manager/_install.py
platformio/platformio-core,platformio/platform/factory.py,platformio/package/manager/_install.py
platformio/platformio-core,setup.py,platformio/builder/main.py
platformio/platformio-core,platformio/telemetry.py,platformio/builder/tools/platformio.py
platformio/platformio-core,platformio/commands/update.py,platformio/builder/tools/platformio.py
platformio/platformio-core,platformio/debug/helpers.py,platformio/project/options.py
platformio/platformio-core,platformio/platform/factory.py,platformio/package/manager/base.py
platformio/platformio-core,platformio/debug/helpers.py,platformio/project/config.py
platformio/platformio-core,platformio/package/manager/_registry.py,platformio/package/manager/base.py
platformio/platformio-core,platformio/debug/helpers.py,platformio/package/manifest/schema.py
platformio/platformio-core,setup.py,platformio/builder/tools/platformio.py
platformio/platformio-core,platformio/commands/update.py,platformio/builder/main.py
GoogleCloudPlatform/dfcx-scrapi,src/dfcx_scrapi/tools/search_util.py,src/dfcx_scrapi/core/conversation.py
